{"A": {"precision": 0.8421052631578947, "recall": 0.9056603773584906, "f1-score": 0.8727272727272727, "support": 53.0}, "B": {"precision": 0.9302325581395349, "recall": 0.9090909090909091, "f1-score": 0.9195402298850575, "support": 44.0}, "D": {"precision": 0.9310344827586207, "recall": 0.8059701492537313, "f1-score": 0.864, "support": 67.0}, "F": {"precision": 0.72, "recall": 0.75, "f1-score": 0.7346938775510204, "support": 24.0}, "G": {"precision": 0.9824561403508771, "recall": 1.0, "f1-score": 0.9911504424778761, "support": 56.0}, "H": {"precision": 0.9836065573770492, "recall": 1.0, "f1-score": 0.9917355371900827, "support": 60.0}, "K": {"precision": 0.9814814814814815, "recall": 0.9814814814814815, "f1-score": 0.9814814814814815, "support": 54.0}, "M": {"precision": 0.967741935483871, "recall": 1.0, "f1-score": 0.9836065573770492, "support": 60.0}, "N": {"precision": 1.0, "recall": 0.9333333333333333, "f1-score": 0.9655172413793104, "support": 30.0}, "P": {"precision": 0.7735849056603774, "recall": 0.8913043478260869, "f1-score": 0.8282828282828283, "support": 46.0}, "Q": {"precision": 0.9545454545454546, "recall": 0.9402985074626866, "f1-score": 0.9473684210526316, "support": 67.0}, "S": {"precision": 0.9692307692307692, "recall": 0.9545454545454546, "f1-score": 0.9618320610687022, "support": 66.0}, "T": {"precision": 0.9285714285714286, "recall": 0.9848484848484849, "f1-score": 0.9558823529411765, "support": 66.0}, "W": {"precision": 1.0, "recall": 1.0, "f1-score": 1.0, "support": 57.0}, "X": {"precision": 1.0, "recall": 0.9117647058823529, "f1-score": 0.9538461538461539, "support": 68.0}, "Y": {"precision": 0.875, "recall": 0.875, "f1-score": 0.875, "support": 16.0}, "accuracy": 0.9376498800959233, "macro avg": {"precision": 0.9274744360473349, "recall": 0.9277061094426882, "f1-score": 0.9266665285787902, "support": 834.0}, "weighted avg": {"precision": 0.9401846180473714, "recall": 0.9376498800959233, "f1-score": 0.9379266431925751, "support": 834.0}}