{"C": {"precision": 0.9733333333333334, "recall": 1.0, "f1-score": 0.9864864864864865, "support": 73.0}, "E": {"precision": 1.0, "recall": 1.0, "f1-score": 1.0, "support": 73.0}, "I": {"precision": 1.0, "recall": 1.0, "f1-score": 1.0, "support": 88.0}, "J": {"precision": 1.0, "recall": 1.0, "f1-score": 1.0, "support": 81.0}, "L": {"precision": 1.0, "recall": 0.9875, "f1-score": 0.9937106918238994, "support": 80.0}, "O": {"precision": 1.0, "recall": 1.0, "f1-score": 1.0, "support": 71.0}, "R": {"precision": 0.975609756097561, "recall": 0.9876543209876543, "f1-score": 0.9815950920245398, "support": 81.0}, "U": {"precision": 1.0, "recall": 1.0, "f1-score": 1.0, "support": 76.0}, "V": {"precision": 1.0, "recall": 0.9885057471264368, "f1-score": 0.9942196531791908, "support": 87.0}, "Z": {"precision": 1.0, "recall": 0.9857142857142858, "f1-score": 0.9928057553956835, "support": 70.0}, "accuracy": 0.9948717948717949, "macro avg": {"precision": 0.9948943089430895, "recall": 0.9949374353828377, "f1-score": 0.9948817678909798, "support": 780.0}, "weighted avg": {"precision": 0.9949714404836355, "recall": 0.9948717948717949, "f1-score": 0.9948885692534625, "support": 780.0}}